,Dataset Size wrt BF,Time wrt BF
0,1.0,1.0
1,0.4761620837537841,0.5409778847597126
2,0.5831833165153044,0.6346683723090099
