,Time wrt BF,Dataset Size wrt BF
0,1.0,1.0
1,0.7974009993241908,0.3838688440668577
2,0.800415109220159,0.333278787195782
